{
    "srgb":{
        "cie_xy_polar_x": [ 0.64, 0.30, 0.15, 0.3127 ],
        "cie_xy_polar_y": [ 0.33, 0.60, 0.06, 0.3290 ],
        "auxiliary_line":{
            "black_to_red":{
                "r": [ 0, 16, 32, 48, 64, 80, 96, 112, 128, 144, 160, 176, 192, 208, 224, 240 ],
                "g": [ 0, 0, 0, 0, 0, 0, 0, 0, 0, 0, 0, 0, 0, 0, 0, 0 ],
                "b": [ 0, 0, 0, 0, 0, 0, 0, 0, 0, 0, 0, 0, 0, 0, 0, 0 ]
            },
            "black_to_green":{
                "r": [ 0, 0, 0, 0, 0, 0, 0, 0, 0, 0, 0, 0, 0, 0, 0, 0 ],
                "g": [ 0, 16, 32, 48, 64, 80, 96, 112, 128, 144, 160, 176, 192, 208, 224, 240 ],
                "b": [ 0, 0, 0, 0, 0, 0, 0, 0, 0, 0, 0, 0, 0, 0, 0, 0 ]
            },
            "black_to_blue":{
                "r": [ 0, 0, 0, 0, 0, 0, 0, 0, 0, 0, 0, 0, 0, 0, 0, 0 ],
                "g": [ 0, 0, 0, 0, 0, 0, 0, 0, 0, 0, 0, 0, 0, 0, 0, 0 ],
                "b": [ 0, 16, 32, 48, 64, 80, 96, 112, 128, 144, 160, 176, 192, 208, 224, 240 ]
            },
            "black_to_cyan":{
                "r": [ 0, 0, 0, 0, 0, 0, 0, 0, 0, 0, 0, 0, 0, 0, 0, 0 ],
                "g": [ 0, 16, 32, 48, 64, 80, 96, 112, 128, 144, 160, 176, 192, 208, 224, 240 ],
                "b": [ 0, 16, 32, 48, 64, 80, 96, 112, 128, 144, 160, 176, 192, 208, 224, 240 ]
            },
            "black_to_magenta":{
                "r": [ 0, 16, 32, 48, 64, 80, 96, 112, 128, 144, 160, 176, 192, 208, 224, 240 ],
                "g": [ 0, 0, 0, 0, 0, 0, 0, 0, 0, 0, 0, 0, 0, 0, 0, 0 ],
                "b": [ 0, 16, 32, 48, 64, 80, 96, 112, 128, 144, 160, 176, 192, 208, 224, 240 ]
            },
            "black_to_yellow":{
                "r": [ 0, 16, 32, 48, 64, 80, 96, 112, 128, 144, 160, 176, 192, 208, 224, 240 ],
                "g": [ 0, 16, 32, 48, 64, 80, 96, 112, 128, 144, 160, 176, 192, 208, 224, 240 ],
                "b": [ 0, 0, 0, 0, 0, 0, 0, 0, 0, 0, 0, 0, 0, 0, 0, 0 ]
            },
            "red_to_yellow2":{
                "rgb_r": [255, 255, 255, 255, 255, 255, 255, 255, 255, 255, 255, 255, 255, 255, 255, 255],
                "rgb_g": [0, 16, 32, 48, 64, 80, 96, 112, 128, 144, 160, 176, 192, 208, 224, 240],
                "rgb_b": [0, 0, 0, 0, 0, 0, 0, 0, 0, 0, 0, 0, 0, 0, 0, 0],
                "CIEXYZ_X": [0.4124239981174469, 0.4142768085002899, 0.4175888001918793, 0.42299291491508484, 0.43075689673423767, 0.44110891222953796, 0.4542502462863922, 0.4703623056411743, 0.4896111786365509, 0.512150764465332, 0.538124680519104, 0.5676682591438293, 0.6009093523025513, 0.6379694938659668, 0.6789649724960327, 0.7240066528320312],
                "CIEXYZ_Y": [0.21265600621700287, 0.2163616120815277, 0.22298564016819, 0.23379381000995636, 0.24932177364826202, 0.2700258493423462, 0.2963085174560547, 0.3285326361656189, 0.36703038215637207, 0.41210952401161194, 0.46405744552612305, 0.5231444835662842, 0.589626669883728, 0.6637470722198486, 0.7457379102706909, 0.835821270942688],
                "CIEXYZ_Z": [0.019331999123096466, 0.019949600100517273, 0.021053604781627655, 0.022854967042803764, 0.02544296160340309, 0.028893642127513885, 0.0332740843296051, 0.03864476829767227, 0.04506106302142143, 0.05257425084710121, 0.06123223528265953, 0.07108008116483688, 0.08216044306755066, 0.09451384842395782, 0.10817898064851761, 0.12319287657737732],
                "CIExyz_x": [0.6400005221366882, 0.636772871017456, 0.631153404712677, 0.6223763227462769, 0.6105509400367737, 0.5960702300071716, 0.5795243978500366, 0.5615999698638916, 0.542985200881958, 0.5242963433265686, 0.506034791469574, 0.48857197165489197, 0.4721544682979584, 0.4569227695465088, 0.4429336488246918, 0.4301828145980835],
                "CIExyz_y": [0.3300000727176666, 0.3325631618499756, 0.3370256721973419, 0.3439956605434418, 0.35338643193244934, 0.36488577723503113, 0.3780251741409302, 0.3922591507434845, 0.4070415198802948, 0.42188262939453125, 0.4363844096660614, 0.4502519369125366, 0.4632892906665802, 0.47538504004478455, 0.4864940643310547, 0.49661967158317566],
                "CIExyz_z": [0.029999440535902977, 0.030663952231407166, 0.031820908188819885, 0.033627964556217194, 0.03606262430548668, 0.039043962955474854, 0.04245048761367798, 0.04614081606268883, 0.04997330904006958, 0.05382103845477104, 0.05758078768849373, 0.0611761100590229, 0.06455619633197784, 0.06769215315580368, 0.07057228684425354, 0.07319747656583786],
                "YCbCr_Y": [0.29899999499320984, 0.30204153060913086, 0.30747851729393005, 0.3163498640060425, 0.32909518480300903, 0.34608903527259827, 0.3676617741584778, 0.3941112458705902, 0.42571014165878296, 0.462710976600647, 0.5053496956825256, 0.5538482666015625, 0.6084166765213013, 0.66925448179245, 0.736552357673645, 0.8104925155639648],
                "YCbCr_Cb": [-0.16873599588871002, -0.17045244574546814, -0.17352071404457092, -0.1785271167755127, -0.18571972846984863, -0.19530993700027466, -0.207484170794487, -0.22241050004959106, -0.24024280905723572, -0.2611236572265625, -0.28518611192703247, -0.3125554919242859, -0.34335029125213623, -0.377683162689209, -0.41566163301467896, -0.45738857984542847],
                "YCbCr_Cr": [0.5, 0.4978305697441101, 0.49395254254341125, 0.4876249134540558, 0.47853410243988037, 0.4664129316806793, 0.4510257840156555, 0.43216022849082947, 0.4096217751502991, 0.3832302987575531, 0.35281747579574585, 0.31822505593299866, 0.2793031930923462, 0.23590952157974243, 0.1879081428050995, 0.13516899943351746],
                "CIELab_L": [53.23896026611328, 53.638816833496094, 54.34236145019531, 55.46098327636719, 57.00927734375, 58.976722717285156, 61.33439636230469, 64.04192352294922, 67.05363464355469, 70.3234634399414, 73.80804443359375, 77.46849060058594, 81.27107238769531, 85.18718719482422, 89.1929702758789, 93.26870727539062],
                "CIELab_a": [78.2835693359375, 77.12332153320312, 75.09356689453125, 71.89678955078125, 67.53347778320312, 62.090850830078125, 55.717010498046875, 48.5931396484375, 40.9091796875, 32.844696044921875, 24.5577392578125, 16.179718017578125, 7.814300537109375, -0.46014404296875, -8.58709716796875, -16.528228759765625],
                "CIELab_b": [62.15004348754883, 62.23640823364258, 62.4017333984375, 62.69691848754883, 63.163516998291016, 63.83976745605469, 64.75248718261719, 65.91316223144531, 67.31845092773438, 68.95380401611328, 70.79765319824219, 72.82526397705078, 75.01154327392578, 77.3327407836914, 79.76728057861328, 82.29622650146484],
                "CIELCh_L": [53.23896026611328, 53.638816833496094, 54.34236145019531, 55.46098327636719, 57.00927734375, 58.976722717285156, 61.33439636230469, 64.04192352294922, 67.05363464355469, 70.3234634399414, 73.80804443359375, 77.46849060058594, 81.27107238769531, 85.18718719482422, 89.1929702758789, 93.26870727539062],
                "CIELCh_C": [99.95471954345703, 99.10285949707031, 97.63719177246094, 95.3941879272461, 92.46837615966797, 89.05497741699219, 85.42405700683594, 81.8891830444336, 78.7739486694336, 76.37670135498047, 74.93590545654297, 74.6009521484375, 75.41747283935547, 77.33411407470703, 80.22815704345703, 83.93956756591797],
                "CIELCh_h": [0.6710159778594971, 0.6789780855178833, 0.6933516263961792, 0.717151403427124, 0.7519748210906982, 0.7992851734161377, 0.8602601885795593, 0.9355184435844421, 1.0247368812561035, 1.126264214515686, 1.2369107007980347, 1.3521754741668701, 1.4669960737228394, 1.5767464637756348, 1.6780351400375366, 1.7689976692199707]
            }
        }
    }
}